epid,aid
20210515,Michael Key
20210522,Joy
20211002,Owen Wilson
20211009,Kim Kardashian West
20211016,Rami Malek
20211023,Jason Sudeikis
20211106,Kieran Culkin
20211113,Jonathan Majors
20211120,Simu Liu
20211211,Billie Eilish
20211218,Paul Rudd
20220115,Ariana DeBose
20220122,Will Forte
20220129,Willem Dafoe
20220226,John Mulaney
20220305,Oscar Isaac
20220312,Zoë Kravitz
20220402,Jerrod Carmichael
20220409,Jake Gyllenhaal
20220416,Lizzo
20220507,Benedict Cumberbatch
20220514,Selena Gomez
20220521,Natasha Lyonne
20221001,Miles Teller
20221008,Brendan Gleeson
20221015,Megan Thee Stallion
20221029,Jack Harlow
20221105,Amy Schumer
20221112,Dave Chappelle
20221203,Keke Palmer
20221210, Martin Short
20221217,Austin Butler
20230121,Aubrey Plaza
20230128,Michael B. Jordan
20230204,Pedro Pascal
20230225,Woody Harrelson
20230304,Travis Kelce
20230311,Jenna Ortega
20230401,Quinta Brunson
20230408,Molly Shannon
20230415,Ana de Armas
20231014,Pete Davidson
20231021,Bad Bunny
20231028,Nate Bargatze
20231111,Timothée Chalamet
20231118,Jason Momoa
20231202,Emma Stone
20231209,Adam Driver
20231216,Kate McKinnon
